Nome;Sobrenome;Prontuario;RG;DataNasc
Jose;Silva;1234567;123456;01/01/1933
Isabela;Fernandes;73516;67361308;02/02/1990
Isabelle;Santos;80732;59350530;19/11/1996
Leila;Carvalho;61248;63689081;26/01/1985
Matilde;Araujo;48015;76237628;27/04/1993
Giovana;Gomes;32699;30621947;23/01/1991
Leila;Barbosa;82547;32994103;31/03/1985
Samuel;Cardoso;11403;29616794;14/11/1993
Luan;Almeida;58549;49723812;11/03/1989
Gustavo;Silva;28097;47125548;08/06/1987
Let¡cia;Martins;87168;22844207;27/07/1982
Ant“nio;Carvalho;85095;39810387;10/09/1994
Amanda;Sousa;13986;24199054;11/05/1991
Nicolas;Pinto;88196;31021329;08/06/1996
Tƒnia;Silva;62616;87709443;16/03/1990
Carolina;Barbosa;96685;90393344;13/08/1989
Felipe;Barbosa;39048;37373777;05/03/1998
Bianca;Ribeiro;29784;26600207;20/06/1985
Leila;Rocha;86111;22200735;30/11/1995
Sofia;Oliveira;21835;71674193;27/04/1997
Gustavo;Lima;63892;95484489;31/01/1994
Luiza;Correia;54397;44141643;15/03/1998
Tha¡s;Martins;25803;84494039;16/08/1994
Amanda;Oliveira;46472;96708185;25/03/1996
Rafael;Alves;28547;96702459;18/06/1988
Thiago;Costa;90324;91009282;12/09/1989
Carla;Silva;50636;51477118;12/02/1995
Livia;Ferreira;45653;98203785;18/06/1991
Ot vio;Castro;95785;33243296;19/12/1993
Mateus;Correia;51437;30635934;06/07/1995
Erick;Martins;24946;27390822;28/11/1987
Tƒnia;Ribeiro;93002;79671081;27/04/1991
Manuela;Azevedo;95392;39938098;27/01/1998
Renan;Souza;23603;53372956;10/02/1998
Lu¡s;Oliveira;56109;11668543;24/07/1991
Davi;Santos;27273;73768798;30/11/1989
Raissa;Dias;52897;47291727;14/10/1998
Enzo;Melo;78878;13439238;08/10/1984
Laura;Alves;10509;33982512;14/06/1989
Vitoria;Castro;40286;39164742;09/04/1986
Luis;Sousa;20578;91292490;20/12/1984
Mariana;Araujo;64589;52664648;03/10/1995
Isabella;Cavalcanti;95315;87028383;25/07/1984
Estevan;Gomes;11882;24186794;31/03/1997
Carlos;Gomes;31759;79646335;25/03/1997
Victor;Goncalves;25689;59177733;21/07/1985
Felipe;Gomes;53232;19225851;14/10/1987
Let¡cia;Carvalho;61397;62145837;13/10/1989
Kauˆ;Sousa;80475;14741604;15/06/1998
Lara;Fernandes;94658;49090837;14/10/1989
Vinicius;Ferreira;39994;73540648;29/01/1988
Alice;Ferreira;31875;68004473;17/08/1988
Pedro;Costa;56514;17307826;17/03/1998
Larissa;Sousa;36990;23950269;01/10/1985
Ryan;Cardoso;31371;55401410;24/03/1997
Jos‚;Barbosa;42955;94042274;12/04/1987
Beatrice;Barbosa;32567;50086057;19/07/1987
Manuela;Dias;93215;85537719;24/03/1984
Carolina;Cunha;75389;94030422;16/05/1985
Luiza;Gomes;85603;89594302;10/08/1985
Rodrigo;Alves;75528;63765001;31/12/1998
Melissa;Ribeiro;27884;90445398;10/11/1993
Let¡cia;Araujo;74861;59282538;05/04/1982
Maria;Oliveira;58916;58731855;01/09/1982
Nicolash;Oliveira;61366;95927716;28/07/1983
Ryan;Santos;33474;48172331;22/10/1982
Matheus;Melo;91314;67393985;15/07/1991
Vin¡cius;Melo;32472;90811205;01/09/1991
Emily;Alves;80124;49983645;09/05/1983
Emilly;Dias;24621;20050162;11/09/1990
Ana;Azevedo;67988;93831551;12/05/1990
Rafael;Melo;37282;21265967;29/07/1987
Leonardo;Souza;43209;55255375;13/06/1998
Kai;Carvalho;31212;89588442;29/03/1985
Carlos;Cardoso;66076;36228896;26/05/1989
Lucas;Silva;87023;53694234;26/06/1994
Vitor;Rodrigues;45916;92191444;26/07/1982
Luana;Azevedo;97421;83817063;27/02/1982
Gabrielle;Santos;80048;29962391;04/02/1992
Sarah;Costa;19427;21619476;16/02/1987
Sofia;Rodrigues;42390;81816073;15/12/1998
Rebeca;Ribeiro;12234;93267794;13/08/1993
Emily;Cavalcanti;57364;27841627;03/06/1990
Lavinia;Santos;56991;81392834;01/10/1992
Paulo;Rodrigues;39471;10765465;23/04/1995
Carolina;Cunha;89892;94824186;16/11/1987
Larissa;Correia;73976;79301861;24/12/1985
Enzo;Santos;18103;65927976;04/05/1998
Renan;Oliveira;32081;68434075;15/04/1988
Leonardo;Azevedo;68434;28246935;11/03/1998
Beatriz;Castro;50741;34041414;24/02/1997
Leonor;Barros;18264;68263044;03/12/1983
Luiz;Ferreira;15026;46774179;25/02/1989
Kaua;Silva;83299;35313300;02/03/1988
Estevan;Alves;72486;56655161;27/04/1994
Isabella;Pereira;75939;66471592;24/11/1986
Eduardo;Correia;57776;51740972;22/05/1992
Sophia;Barros;65605;13926944;15/10/1994
Anna;Silva;12876;86950662;06/01/1998
Bianca;Fernandes;83920;44903006;12/02/1990
Melissa;Costa;38155;28025617;08/09/1990
